stage,centroid,purchase_frequency,monthly_spending
Initial,1,2.0,100.0
Initial,2,6.0,300.0
Initial,3,10.0,500.0
Iteration 1,1,2.7058823529411766,125.97058823529412
Iteration 1,2,6.212121212121212,294.969696969697
Iteration 1,3,9.424242424242424,517.6969696969697
Iteration 2,1,2.7058823529411766,125.97058823529412
Iteration 2,2,6.352941176470588,298.11764705882354
Iteration 2,3,9.375,521.3125
Iteration 3,1,2.7058823529411766,125.97058823529412
Iteration 3,2,6.352941176470588,298.11764705882354
Iteration 3,3,9.375,521.3125
