iteration,cluster,customers,frequency_variance,spending_variance,SSE
1,1,34,1.2664359861591694,1123.5579584775087,38244.029411764706
1,2,33,1.7428833792470155,2051.726354453627,67764.48484848485
1,3,33,1.820018365472911,3012.3930211202937,99469.0303030303
2,1,34,1.2664359861591694,1123.5579584775087,38244.029411764706
2,2,34,2.3460207612456747,2318.397923875433,78905.29411764708
2,3,32,1.796875,2675.15234375,85662.375
3,1,34,1.2664359861591694,1123.5579584775087,38244.029411764706
3,2,34,2.3460207612456747,2318.397923875433,78905.29411764708
3,3,32,1.796875,2675.15234375,85662.375
