customer_id,purchase_frequency,monthly_spending
1,3,91
2,4,177
3,1,158
4,3,118
5,3,160
6,4,128
7,1,111
8,1,161
9,3,129
10,2,149
11,3,84
12,3,131
13,3,131
14,3,116
15,4,131
16,1,120
17,4,177
18,4,124
19,4,185
20,3,133
21,2,72
22,1,170
23,2,120
24,4,76
25,4,90
26,2,142
27,2,108
28,2,87
29,4,73
30,4,158
31,1,129
32,1,83
33,4,183
34,2,78
35,5,343
36,8,260
37,5,376
38,7,234
39,7,264
40,7,284
41,7,308
42,8,290
43,6,228
44,4,307
45,7,348
46,5,355
47,7,282
48,5,358
49,5,300
50,7,355
51,8,252
52,5,342
53,5,224
54,7,260
55,5,247
56,5,354
57,7,291
58,7,231
59,4,252
60,8,267
61,8,370
62,5,281
63,8,256
64,5,318
65,4,323
66,7,254
67,7,320
68,9,483
69,7,429
70,11,589
71,8,474
72,9,527
73,7,491
74,8,589
75,8,528
76,10,520
77,11,426
78,9,589
79,7,520
80,10,515
81,11,402
82,10,502
83,11,597
84,11,599
85,9,554
86,11,536
87,10,461
88,11,564
89,9,450
90,9,571
91,10,551
92,8,458
93,8,517
94,11,559
95,7,495
96,11,579
97,10,512
98,10,461
99,10,585
100,10,451
