customer_id,purchase_frequency,monthly_spending,cluster
1,3,91,1
2,4,177,1
3,1,158,1
4,3,118,1
5,3,160,1
6,4,128,1
7,1,111,1
8,1,161,1
9,3,129,1
10,2,149,1
11,3,84,1
12,3,131,1
13,3,131,1
14,3,116,1
15,4,131,1
16,1,120,1
17,4,177,1
18,4,124,1
19,4,185,1
20,3,133,1
21,2,72,1
22,1,170,1
23,2,120,1
24,4,76,1
25,4,90,1
26,2,142,1
27,2,108,1
28,2,87,1
29,4,73,1
30,4,158,1
31,1,129,1
32,1,83,1
33,4,183,1
34,2,78,1
35,5,343,2
36,8,260,2
37,5,376,2
38,7,234,2
39,7,264,2
40,7,284,2
41,7,308,2
42,8,290,2
43,6,228,2
44,4,307,2
45,7,348,2
46,5,355,2
47,7,282,2
48,5,358,2
49,5,300,2
50,7,355,2
51,8,252,2
52,5,342,2
53,5,224,2
54,7,260,2
55,5,247,2
56,5,354,2
57,7,291,2
58,7,231,2
59,4,252,2
60,8,267,2
61,8,370,2
62,5,281,2
63,8,256,2
64,5,318,2
65,4,323,2
66,7,254,2
67,7,320,2
68,9,483,3
69,7,429,3
70,11,589,3
71,8,474,3
72,9,527,3
73,7,491,3
74,8,589,3
75,8,528,3
76,10,520,3
77,11,426,3
78,9,589,3
79,7,520,3
80,10,515,3
81,11,402,3
82,10,502,3
83,11,597,3
84,11,599,3
85,9,554,3
86,11,536,3
87,10,461,3
88,11,564,3
89,9,450,3
90,9,571,3
91,10,551,3
92,8,458,3
93,8,517,3
94,11,559,3
95,7,495,3
96,11,579,3
97,10,512,3
98,10,461,3
99,10,585,3
100,10,451,3
