customer_id,distance_C1,distance_C2,distance_C3,cluster
1,9.055385138137417,209.02152999152983,409.05989781448875,1
2,77.02596964660685,123.01625908797584,323.05572274763995,1
3,58.008620049092706,142.08800090085018,342.11840055746785,1
4,18.027756377319946,182.02472359545007,382.06413074247104,1
5,60.00833275470999,140.03213916812098,340.07205118915607,1
6,28.071337695236398,172.01162751395617,372.0483839502599,1
7,11.045361017187261,189.06612599828665,389.1040991816971,1
8,61.00819617067857,139.0898989862312,339.1194479825656,1
9,29.017236257093817,171.0263137648707,371.06603185956,1
10,49.0,151.0529708413575,351.0911562543266,1
11,16.0312195418814,216.0208323287363,416.0588900624526,1
12,31.016124838541646,169.0266251216062,369.0663896916109,1
13,31.016124838541646,169.0266251216062,369.0663896916109,1
14,16.0312195418814,184.0244548966251,384.0637967838156,1
15,31.064449134018133,169.01183390520322,369.04877726392755,1
16,20.024984394500787,180.06943105369106,380.10656400541154,1
17,77.02596964660685,123.01625908797584,323.05572274763995,1
18,24.08318915758459,176.0113632695344,376.047869293259,1
19,85.0235261559999,115.0173899895142,315.0571376750573,1
20,33.015148038438355,167.0269439342048,367.0667514226806,1
21,28.0,228.0350850198276,428.0747598258977,1
22,70.00714249274856,130.09611831257686,330.12270446002344,1
23,20.0,180.0444389588304,380.08420119757676,1
24,24.08318915758459,224.0089283934906,424.04245070511513,1
25,10.198039027185569,210.00952359357422,410.0439000887588,1
26,42.0,158.05062480104277,358.0893743187586,1
27,8.0,192.04166214652486,392.08162415497105,1
28,13.0,213.03755537463343,413.0774745734751,1
29,27.073972741361768,227.00881040171106,427.0421524861451,1
30,58.034472514187634,142.01408380861386,342.0526275297414,1
31,29.017236257093817,171.0730837975396,371.1091483647365,1
32,17.029386365926403,217.05759604307792,417.09711099455006,1
33,83.02409288875127,117.01709276853532,317.0567772497538,1
34,22.0,222.03603311174518,422.0758225722009,1
35,243.01851781294363,43.01162633521314,157.07959765672945,2
36,160.11246047700348,40.049968789001575,240.00833318866242,2
37,276.0163038662753,76.00657866263946,124.10076550932311,2
38,134.09325113517085,66.007575322837,266.01691675530714,2
39,164.0762018087937,36.013886210738214,236.01906702637396,2
40,184.06792224611002,16.0312195418814,216.0208323287363,2
41,208.0600874747485,8.06225774829855,192.02343606966312,2
42,190.09471323527123,10.198039027185569,210.00952359357422,2
43,128.06248474865697,72.0,272.02941017470886,2
44,207.00966161027364,7.280109889280518,193.0932417253385,2
45,248.05039810490126,48.010415536631214,152.029602380589,2
46,255.01764644824092,55.00909015790027,145.08618128546908,2
47,182.0686683644388,18.027756377319946,218.02064122463267,2
48,258.0174412709342,58.008620049092706,142.08800090085018,2
49,200.02249873451737,1.0,200.06249023742558,2
50,255.04901489713697,55.00909015790027,145.03103116229988,2
51,152.11837495845134,48.041648597857254,248.0080643850115,2
52,242.0185943269649,42.01190307520001,158.07909412695912,2
53,124.03628501370073,76.00657866263946,276.04528613979267,2
54,160.0781059358212,40.01249804748511,240.01874926763534,2
55,147.03060905811415,53.009433122794285,253.04940229133123,2
56,254.01771591761076,54.00925846556311,146.08559134972896,2
57,191.06543381784158,9.055385138137417,209.02152999152983,2
58,131.0953851209111,69.00724599634447,269.0167281044062,2
59,152.0131573252789,48.041648597857254,248.07257002740147,2
60,167.10774967068403,33.06055050963308,233.0085835328819,2
61,270.06665843824555,70.02856560004639,130.01538370516005,2
62,181.02486017119307,19.026297590440446,219.0570701894828,2
63,156.11534197509224,44.04543109109048,244.00819658363937,2
64,218.02064122463267,18.027756377319946,182.0686683644388,2
65,223.00896842952304,23.08679276123039,177.1016657177453,2
66,154.0811474515945,46.010868281309364,246.01829200285087,2
67,220.05681084665386,20.024984394500787,180.02499826412998,2
68,383.06396332727513,183.02458851203573,17.029386365926403,3
69,329.0379917273992,129.00387591076478,71.06335201775947,3
70,489.0828150732757,289.0432493589843,89.00561780022652,3
71,374.0481252459368,174.01149387324966,26.076809620810597,3
72,427.05737319475,227.01982292302142,27.018512172212592,3
73,391.0319680026174,191.0026177831079,9.486832980505138,3
74,489.0368084306129,289.0069203323685,89.02246907382428,3
75,428.04205400871535,228.00877176108818,28.071337695236398,3
76,420.07618356674305,220.03636063160107,20.0,3
77,326.1242094662707,126.09916732476864,74.00675644831355,3
78,489.0500996830488,289.0155705148081,89.00561780022652,3
79,420.0297608503474,220.00227271553356,20.223748416156685,3
80,415.07710127155894,215.03720608304042,15.0,3
81,302.1340761979688,102.12247548899312,98.00510190801293,3
82,402.07959411041986,202.03960007879644,2.0,3
83,497.08148225416727,297.0420845604205,97.0051545022222,3
84,499.08115572519864,299.04180309782777,99.00505037623081,3
85,454.0539615508271,254.01771591761076,54.00925846556311,3
86,436.09288001525545,236.05296015936761,36.013886210738214,3
87,361.08863177895813,161.0496817755316,39.0,3
88,464.08727627462486,264.04734423962685,64.00781202322104,3
89,350.06999300139967,150.02999700059985,50.00999900019995,3
90,471.05201411309133,271.01660465735307,71.00704190430693,3
91,451.07094785632114,251.03187048659777,51.0,3
92,358.05027579936313,158.01265772082945,42.04759208325728,3
93,417.0431632337353,217.00921639414304,17.11724276862369,3
94,459.08822681484656,259.04825805243314,59.00847396772772,3
95,395.03164430207363,195.00256408570633,5.830951894845301,3
96,479.0845436872286,279.0447992706547,79.00632886041473,3
97,412.07766258315917,212.03773249117714,12.0,3
98,361.08863177895813,161.0496817755316,39.0,3
99,485.06597489413747,285.02806879323305,85.0,3
100,351.0911562543266,151.0529708413575,49.0,3
